name,ticker
에스팀,458350.KS
케이뱅크,279570.KS
덕양에너젠,0001A0.KS
삼성스팩13호,0115H0.KS
엔비알모션,0004V0.KS
지에프아이,493330.KS
삼미금속,012210.KS
세미파이브,490470.KS
리브스메드,491000.KS
미래에셋비전스팩10호,0097F0.KS
미래에셋비전스팩11호,0099W0.KS
삼진식품,0013V0.KS
엔더블유시,059180.KS
하나36호스팩,0101C0.KS
IBKS제25호스팩,0099X0.KS
알지노믹스,476830.KS
나라스페이스테크놀로지,478340.KS
아크릴,0007C0.KS
메리츠제1호스팩,0088D0.KS
티엠씨,217590.KS
교보19호스팩,0098T0.KS
쿼드메디슨,464490.KS
키움히어로제1호스팩,466690.KS
유진스팩12호,0105P0.KS
이지스,261520.KS
페스카로,0015S0.KS
테라뷰,950250.KS
엔에이치스팩32호,0054V0.KS
에임드바이오,0009K0.KS
미래에셋비전스팩9호,0096D0.KS
삼성스팩12호,0096B0.KS
미래에셋비전스팩8호,0093G0.KS
아로마티카,0015N0.KS
삼성에피스홀딩스,0126Z0.KS
삼양바이오팜,0120G0.KS
신영스팩11호,0091W0.KS
비엔케이제3호스팩,0068Y0.KS
비츠로넥스텍,488900.KS
씨엠티엑스,388210.KS
더핑크퐁컴퍼니,403850.KS
아이엘로보틱스,403810.KS
그린광학,0015G0.KS
알트,459550.KS
세나테크놀로지,061090.KS
큐리오시스,494120.KS
이노테크,469610.KS
노타,486990.KS
삼익제약,014950.KS
명인제약,317450.KS
KB제33호스팩,0072Z0.KS
삼성스팩11호,0071M0.KS
에스투더블유,488280.KS
오아,342870.KS
본시스템즈,496320.KS
그래피,318060.KS
애드포러스,397810.KS
삼성스팩10호,0044K0.KS
제이피아이헬스케어,0010V0.KS
한라캐스트,125490.KS
에스엔시스,0008Z0.KS
삼양컴텍,484590.KS
교보18호스팩,0041B0.KS
지투지바이오,456160.KS
아이티켐,309710.KS
하나35호스팩,0041L0.KS
대한조선,439260.KS
프로티나,468530.KS
엔알비,475230.KS
뉴로핏,380550.KS
도우인시스,484120.KS
디비금융제14호스팩,0004Y0.KS
엘에스스팩1호,0041J0.KS
아우토크립트,331740.KS
대신밸류리츠,0030R0.KS
뉴키즈온,462310.KS
싸이닉솔루션,234030.KS
KB제32호스팩,0037T0.KS
뉴엔AI,463020.KS
지에프씨생명과학,388610.KS
케이지에이,455180.KS
지씨지놈,340450.KS
링크솔루션,474650.KS
키스트론,475430.KS
신한제16호스팩,496070.KS
인투셀,287840.KS
달바글로벌,483650.KS
바이오비쥬,489460.KS
이뮨온시아,424870.KS
바이오포트,188040.KS
티씨머티리얼즈,125020.KS
로킷헬스케어,376900.KS
오가노이드사이언스,476040.KS
원일티엔아이,136150.KS
나우로보틱스,459510.KS
에이아이코리아,364950.KS
쎄크,081180.KS
한국피아이엠,448900.KS
에이유브랜즈,481070.KS
우양에이치씨,101970.KS
더즌,462860.KS
심플랫폼,444530.KS
티엑스알로보틱스,484810.KS
한텍,098070.KS
한화플러스제5호스팩,498390.KS
씨케이솔루션,480370.KS
서울보증보험,031210.KS
에스엠씨지,460870.KS
엠디바이스,226590.KS
대진첨단소재,393970.KS
에르코스,435570.KS
엘케이켐,489500.KS
위너스,479960.KS
모티브링크,463480.KS
동국생명과학,303810.KS
오름테라퓨틱,475830.KS
동방메디컬,240550.KS
아이에스티이,212710.KS
LG씨엔에스,064400.KS
아이지넷,462980.KS
피아이이,452450.KS
삼양엔씨켐,482630.KS
데이원컴퍼니,373160.KS
아스테라시스,450950.KS
와이즈넛,096250.KS
미트박스,475460.KS
유안타제17호스팩,493790.KS
블랙야크아이앤씨,478560.KS
오션스바이오,332190.KS
엠에프씨,432980.KS
파인메딕스,387570.KS
쓰리에이로직스,177900.KS
GS피앤엘,499790.KS
신한제14호스팩,487360.KS
유비씨,495810.KS
창대정밀,368030.KS
듀켐바이오,176750.KS
키움제10호스팩,487720.KS
에스지헬스케어,398120.KS
온코닉테라퓨틱스,476060.KS
온코크로스,382150.KS
벡트,457600.KS
엠앤씨솔루션,484870.KS
셀로맥스사이언스,471820.KS
KB제31호스팩,492220.KS
키움제11호스팩,489480.KS
KB발해인프라,415640.KS
디비금융제13호스팩,489730.KS
교보17호스팩,489210.KS
대신밸런스제19호스팩,482690.KS
위츠,459100.KS
유디엠텍,389680.KS
RF시스템즈,474610.KS
사이냅소프트,466410.KS
하나34호스팩,484130.KS
에스켐,475660.KS
엠오티,413390.KS
신한제15호스팩,487830.KS
쓰리빌리언,394800.KS
닷밀,464580.KS
노머스,473980.KS
에어레인,163280.KS
토모큐브,475960.KS
더본코리아,475560.KS
HEM파마,376270.KS
에이럭스,475580.KS
탑런토탈솔루션,336680.KS
성우,458650.KS
유진스팩11호,488060.KS
타조이엔터테인먼트,476710.KS
클로봇,466100.KS
에이치엔에스하이텍,044990.KS
웨이비스,289930.KS
씨메스,475400.KS
한켐,457370.KS
루미르,474170.KS
와이제이링크,209640.KS
인스피언,465480.KS
셀비온,308430.KS
제닉스로보틱스,381620.KS
차이커뮤니케이션,351870.KS
한화비전,489790.KS
KB제30호스팩,486630.KS
아이언디바이스,464500.KS
미래에셋비전스팩7호,482680.KS
아이비젼웍스,469750.KS
아이스크림미디어,461300.KS
이엔셀,456070.KS
M83,476080.KS
티디에스팜,464280.KS
넥스트바이오메디컬,389650.KS
케이쓰리아이,431190.KS
전진건설로봇,079900.KS
유라클,088340.KS
교보16호스팩,482520.KS
뱅크웨어글로벌,199480.KS
아이빔테크놀로지,460470.KS
피앤에스로보틱스,460940.KS
HS효성,487570.KS
산일전기,062040.KS
엔에이치스팩31호,481890.KS
SK증권제13호스팩,473950.KS
엑셀세라퓨틱스,373110.KS
이베스트스팩6호,478110.KS
시프트업,462870.KS
하스,450330.KS
이노스페이스,462350.KS
신한글로벌액티브리츠,481850.KS
에이치브이엠,295310.KS
팡스카이,266350.KS
하이젠알앤엠,160190.KS
한국제15호스팩,479880.KS
에스오에스랩,464080.KS
미래에셋비전스팩6호,478440.KS
에이치엠씨제7호스팩,477340.KS
파라다이스,034230.KS
한중엔시에스,107640.KS
KB제29호스팩,478390.KS
미래에셋비전스팩5호,477470.KS
씨어스테크놀로지,458870.KS
디비금융스팩12호,477760.KS
라메디텍,462510.KS
그리드위즈,453450.KS
다원넥스뷰,323350.KS
미래에셋비전스팩4호,477380.KS
노브랜드,145170.KS
아이씨티케이,456010.KS
HD현대마린솔루션,443060.KS
SK증권제12호스팩,473000.KS
코칩,126730.KS
민테크,452200.KS
카티스,140430.KS
디앤디파마텍,347850.KS
유안타제16호스팩,474490.KS
제일엠앤에스,412540.KS
삐아,451250.KS
하나33호스팩,475250.KS
신한제13호스팩,474930.KS
신한제12호스팩,474660.KS
아이엠비디엑스,461030.KS
SK이터닉스,475150.KS
하나32호스팩,475240.KS
엔젤로보틱스,455900.KS
제이투케이바이오,420570.KS
삼현,437730.KS
오상헬스케어,036220.KS
케이엔알시스템,199430.KS
비엔케이제2호스팩,473370.KS
하나31호스팩,469900.KS
SK증권제11호스팩,472230.KS
유안타제15호스팩,473050.KS
유진스팩10호,468760.KS
에이피알,278470.KS
E8,418620.KS
코셈,360350.KS
케이웨더,068100.KS
사피엔반도체,452430.KS
에스피소프트,443670.KS
스튜디오삼익,415380.KS
신영스팩10호,472220.KS
폰드그룹,472850.KS
IBKS제24호스팩,469480.KS
레이저옵텍,199550.KS
이닉스,452400.KS
엘앤에프,066970.KS
포스뱅크,105760.KS
현대힘스,460930.KS
HB인베스트먼트,440290.KS
드림인사이트,362990.KS
대신밸런스제17호스팩,471050.KS
우진엔텍,457550.KS
세븐브로이맥주,267080.KS
한빛레이저,452190.KS
포스코DX,022100.KS
DS단석,017860.KS
IBKS제23호스팩,467930.KS
하나30호스팩,469880.KS
씨싸이트,109670.KS
블루엠텍,439580.KS
LS머트리얼즈,417200.KS
케이엔에스,432470.KS
교보15호스팩,465320.KS
와이바이오로직스,338840.KS
에이텀,355690.KS
엔에이치스팩30호,466910.KS
에이에스텍,453860.KS
그린리소스,402490.KS
제이엔비,452160.KS
한선엔지니어링,452280.KS
동인기연,111380.KS
에코아이,448280.KS
스톰테크,352090.KS
에코프로머티,450080.KS
캡스톤파트너스,452300.KS
프로젠,296160.KS
에스와이스틸텍,365330.KS
에이직랜드,445090.KS
한국제13호스팩,464440.KS
메가터치,446540.KS
비아이매트릭스,413640.KS
컨텍,451760.KS
큐로셀,372320.KS
쏘닉스,088280.KS
KB제27호스팩,464680.KS
세니젠,188260.KS
파라택시스이더리움,290560.KS
유진테크놀로지,240600.KS
유투바이오,221800.KS
퀄리타스반도체,432720.KS
미쥬,351020.KS
워트,396470.KS
에스엘에스바이오,246250.KS
신성에스티,416180.KS
퓨릿,445180.KS
바이오텐,289170.KS
에이치엠씨제6호스팩,462020.KS
아이엠티,451220.KS
레뷰코퍼레이션,443250.KS
두산로보틱스,454910.KS
신한제11호스팩,452980.KS
한싹,430690.KS
KT밀리의서재,418470.KS
인스웨이브,450520.KS
우듬지팜,403490.KS
코어라인소프트,384470.KS
STX그린로지스,465770.KS
상상인제4호스팩,452670.KS
율촌,146060.KS
한화플러스제4호스팩,455310.KS
대신밸런스제16호스팩,457630.KS
유안타제11호스팩,444920.KS
크라우드웍스,355390.KS
한국제12호스팩,458610.KS
시큐레터,418250.KS
스마트레이더시스템,424960.KS
넥스틸,092790.KS
캔버스엔,210120.KS
SK증권제10호스팩,457940.KS
코츠테크놀로지,448710.KS
큐리옥스바이오시스템즈,445680.KS
NICE평가정보,030190.KS
파두,440110.KS
엠아이큐브솔루션,373170.KS
시지트로닉스,429270.KS
에피바이오텍,446440.KS
조선내화,462520.KS
에이엘티,172670.KS
파로스아이바이오,388870.KS
버넥트,438700.KS
뷰티스킨,406820.KS
와이랩,432430.KS
센서뷰,321370.KS
아이엠지티,456570.KS
필에너지,378340.KS
이노시뮬레이션,274400.KS
알멕,354320.KS
오픈놀,440320.KS
아이티센피엔에스,232830.KS
엔에이치스팩29호,451700.KS
가이아코퍼레이션,296520.KS
비에이치,090460.KS
동국씨엠,460850.KS
동국제강,460860.KS
프로티아,303360.KS
큐라티스,348080.KS
마녀공장,439090.KS
나라셀라,405920.KS
진영,285800.KS
이수스페셜티케미컬,457190.KS
OCI,456040.KS
기가비스,420770.KS
팸텍,271830.KS
모니터랩,434480.KS
시선AI,340810.KS
큐라켐,456190.KS
지슨,446840.KS
트루엔,417790.KS
에스바이오메딕스,304360.KS
슈어소프트테크,298830.KS
토마토시스템,393210.KS
마이크로투나노,424980.KS
셀바이오휴먼텍,318160.KS
SK오션플랜트,100090.KS
삼성FN리츠,448730.KS
현대그린푸드,453340.KS
한화갤러리아,452260.KS
지아이이노베이션,358570.KS
LB인베스트먼트,309960.KS
한화리츠,451800.KS
엑스게이트,356680.KS
금양그린파워,282720.KS
라온텍,418420.KS
자람테크놀로지,389020.KS
나노팀,417010.KS
바이오인프라,199730.KS
이노진,344860.KS
화인써키트,127980.KS
제이오,418550.KS
샌즈랩,411080.KS
꿈비,407400.KS
스튜디오미르,408900.KS
삼기에너지솔루션즈,419050.KS
오브젠,417860.KS
미래반도체,254490.KS
태양3C,052960.KS
티이엠씨,425040.KS
한주라이트메탈,198940.KS
옵티코어,380540.KS
아이오바이오,447690.KS
타이드,346010.KS
신스틸,162300.KS
바이오노트,377740.KS
마이크로엔엑스,448780.KS
애니메디솔루션,390110.KS
핑거스토리,417180.KS
SAMG엔터,419530.KS
아하,102950.KS
인터로이드,311960.KS
유니드비티플러스,446070.KS
펨트론,168360.KS
인벤티지랩,389470.KS
엔젯,419080.KS
유비온,084440.KS
티쓰리,204610.KS
티에프이,425420.KS
윤성에프앤씨,372170.KS
디티앤씨알오,383930.KS
뉴로메카,348340.KS
제이아이테크,417500.KS
LX세미콘,108320.KS
큐알티,405100.KS
저스템,417840.KS
산돌,419120.KS
탈로스,434190.KS
플라즈맵,405000.KS
핀텔,291810.KS
샤페론,378800.KS
비스토스,419540.KS
탑머티리얼,360070.KS
에스비비테크,389500.KS
오에스피,368970.KS
모델솔루션,417970.KS
이노룰스,296640.KS
파인엠텍,441270.KS
KB스타리츠,432320.KS
선바이오,067370.KS
더블유씨피,393890.KS
알피바이오,314140.KS
티엘엔지니어링,413300.KS
오픈엣지테크놀로지,394280.KS
대성하이텍,129920.KS
쏘카,403550.KS
에이치와이티씨,148930.KS
새빗켐,107600.KS
수산인더스트리,126720.KS
아이씨에이치,368600.KS
성일하이텍,365340.KS
에이프릴바이오,397030.KS
퓨쳐메디신,341170.KS
벨로크,424760.KS
루닛,328130.KS
바스칸바이오제약,354390.KS
HPSP,403870.KS
와이씨켐,112290.KS
코난테크놀로지,402030.KS
넥스트칩,396270.KS
레이저쎌,412350.KS
보로노이,310210.KS
위니아에이드,377460.KS
비큐AI,148780.KS
범한퓨얼셀,382900.KS
코나솔,176590.KS
청담글로벌,362320.KS
마스턴프리미어리츠,357430.KS
가온칩스,399720.KS
대명에너지,389260.KS
포바이포,389140.KS
지투파워,388050.KS
씨피시스템,413630.KS
코람코더원리츠,417310.KS
세아메카닉스,396300.KS
공구우먼,366030.KS
유일로보틱스,388720.KS
모아데이타,288980.KS
메쎄이상,408920.KS
노을,376930.KS
비씨엔씨,146320.KS
풍원정밀,371950.KS
스톤브릿지벤처스,330730.KS
브이씨,365900.KS
퓨런티어,370090.KS
바이오에프디엔씨,251120.KS
인카금융서비스,211050.KS
나래나노텍,137080.KS
아셈스,136410.KS
스코넥,276040.KS
이지트로닉스,377330.KS
LG에너지솔루션,373220.KS
애드바이오텍,179530.KS
케이옥션,102370.KS
코스텍시스템,169670.KS
오토앤,353590.KS
아티스트스튜디오,200350.KS
라피치,403360.KS
제이엠멀티,254160.KS
신한서부티엔디리츠,404990.KS
툴젠,199800.KS
미래에셋글로벌리츠,396690.KS
켈스,402420.KS
SK스퀘어,402340.KS
마음AI,377480.KS
알비더블유,361570.KS
NH올원리츠,400760.KS
NPX,222160.KS
트윔,290090.KS
아이티아이즈,372800.KS
지오엘리먼트,311320.KS
SKAI,357880.KS
디어유,376300.KS
지니너스,389030.KS
카카오페이,377300.KS
피코그램,376180.KS
엔켐,348370.KS
리파인,377450.KS
지앤비에스 에코,382800.KS
아이패밀리에스씨,114840.KS
차백신연구소,261780.KS
지아이텍,382480.KS
코닉오토메이션,391710.KS
케이카,381970.KS
씨유테크,376290.KS
아스플로,159010.KS
원준,382840.KS
실리콘투,257720.KS
에스앤디,260970.KS
프롬바이오,377220.KS
바이오플러스,099430.KS
HD현대중공업,329180.KS
SK리츠,395400.KS
와이엠텍,273640.KS
에이비온,203400.KS
라이콤,388790.KS
일진하이솔루스,271940.KS
디앤디플랫폼리츠,377190.KS
바이젠셀,308080.KS
아주스틸,139990.KS
롯데렌탈,089860.KS
브레인즈컴퍼니,099390.KS
딥노이드,315640.KS
한컴라이프케어,372910.KS
엠로,058970.KS
플래티어,367000.KS
원티드랩,376980.KS
크래프톤,259960.KS
HK이노엔,195940.KS
PI첨단소재,178920.KS
카카오뱅크,323410.KS
에브리봇,270660.KS
비트맥스,377030.KS
큐라클,365270.KS
에스디바이오센서,137310.KS
오비고,352910.KS
엠씨넥스,097520.KS
아모센스,357580.KS
타임기술,318660.KS
이노뎁,303530.KS
라온로보틱스,232680.KS
이성씨엔아이,379390.KS
현대ADM,187660.KS
에코프로에이치엔,383310.KS
LX홀딩스,383800.KS
진시스템,363250.KS
한울앤제주,276730.KS
F&F,383220.KS
삼영에스앤씨,361670.KS
샘씨엔에스,252990.KS
씨앤씨인터내셔널,352480.KS
에이치피오,357230.KS
SK아이이테크놀로지,361610.KS
쿠콘,294570.KS
이삭엔지니어링,351330.KS
해성에어로보틱스,059270.KS
엔시스,333620.KS
자이언트스텝,289220.KS
제노코,361390.KS
스피어,347700.KS
SK바이오사이언스,302440.KS
바이오다인,314930.KS
네오이뮨텍,950220.KS
화승알앤에이,378850.KS
싸이버원,356890.KS
프레스티지바이오로직스,334970.KS
나노씨엠에스,247660.KS
뷰노,338220.KS
엑스플러스,373200.KS
유일에너테크,340930.KS
씨이랩,189330.KS
오로스테크놀로지,322310.KS
피엔에이치테크,239890.KS
모비데이즈,363260.KS
아이퀘스트,262840.KS
프레스티지바이오파마,950210.KS
레인보우로보틱스,277810.KS
아티스트컴퍼니,321820.KS
솔루엠,248070.KS
핑거,163730.KS
모비릭스,348030.KS
씨앤투스,352700.KS
선진뷰티사이언스,086710.KS
DL이앤씨,375500.KS
엔비티,236810.KS
파이버프로,368770.KS
나우코스,257990.KS
루트락,253610.KS
ESR켄달스퀘어리츠,365550.KS
블리츠웨이엔터테인먼트,369370.KS
석경에이티,357550.KS
지놈앤컴퍼니,314130.KS
프리시젼바이오,335810.KS
알체라,347860.KS
하이딥,365590.KS
에프앤가이드,064850.KS
티엘비,356860.KS
인바이오,352940.KS
엔젠바이오,354200.KS
퀀타매트릭스,317690.KS
명신산업,009900.KS
셀레스트라,352770.KS
포인트모바일,318020.KS
앱코,129890.KS
엔에프씨,265740.KS
제일일렉트릭,199820.KS
하나기술,299030.KS
에이플러스에셋,244920.KS
티앤엘,340570.KS
고바이오랩,348150.KS
네패스아크,330860.KS
교촌에프앤비,339770.KS
소룩스,290690.KS
위드텍,348350.KS
센코,347000.KS
바이브컴퍼니,301300.KS
원포유,122830.KS
롤링스톤,214610.KS
피플바이오,304840.KS
하이브,352820.KS
넥스틴,348210.KS
케이엔솔,053080.KS
비나텍,126340.KS
씨엔알리서치,359090.KS
박셀바이오,323990.KS
티와이홀딩스,363280.KS
비비씨,318410.KS
코스텍시스,355150.KS
핌스,347770.KS
압타머사이언스,291650.KS
이오플로우,294090.KS
카카오게임즈,293490.KS
피엔케이피부임상연구센타,347740.KS
코람코라이프인프라리츠,357120.KS
아이디피,332370.KS
셀레믹스,331920.KS
고스트스튜디오,950190.KS
젝시믹스,337930.KS
영림원소프트랩,060850.KS
한국파마,032300.KS
제이알글로벌리츠,348950.KS
솔브레인,357780.KS
미래에셋맵스리츠,357250.KS
이지스레지던스리츠,350520.KS
PS일렉트로닉스,332570.KS
에코앤드림,101360.KS
엠투아이,347890.KS
더네이쳐홀딩스,298540.KS
제놀루션,225220.KS
솔트룩스,304100.KS
바이오인프라생명과학,266470.KS
티에스아이,277880.KS
에이프로,262260.KS
이지스밸류플러스리츠,334890.KS
소마젠,950200.KS
신도기연,290520.KS
위더스제약,330350.KS
에스케이바이오팜,326030.KS
엠브레인,169330.KS
젠큐릭스,229000.KS
무진메디,322970.KS
HB솔루션,297890.KS
넥사다이내믹스,351320.KS
에스씨엠생명과학,298060.KS
휴럼,353190.KS
이지바이오,353810.KS
드림씨아이에스,223250.KS
대덕전자,353200.KS
캐프,198080.KS
플레이디,237820.KS
서울바이오시스,092190.KS
제이앤티씨,204270.KS
켄코아에어로스페이스,274090.KS
레몬,294140.KS
서남,294630.KS
위세아이텍,065370.KS
케이씨씨글라스,344820.KS
세림B&G,340440.KS
CJ 바이오사이언스,311690.KS
엔에스엠,238170.KS
한국첨단소재,062970.KS
RF머트리얼즈,327260.KS
아이비김영,339950.KS
파라택시스코리아,288330.KS
다보링크,340360.KS
메드팩토,235980.KS
원텍,336570.KS
신테카바이오,226330.KS
제이엘케이,322510.KS
태웅로직스,124560.KS
윙스풋,335870.KS
노드메이슨,317860.KS
리메드,302550.KS
NH프라임리츠,338100.KS
타스컴,336040.KS
진코스텍,250030.KS
웨이버스,336060.KS
유엑스엔,337840.KS
HLB바이오스텝,278650.KS
씨티알모빌리티,308170.KS
티움바이오,321550.KS
씨에스베어링,297090.KS
우양,103840.KS
코리아에셋투자증권,190650.KS
HD현대에너지솔루션,322000.KS
에스제이그룹,306040.KS
제테마,216080.KS
한화시스템,272210.KS
라파스,214260.KS
아이티엠반도체,084850.KS
일승,333430.KS
자이에스앤디,317400.KS
미디어젠,279600.KS
LS티라유텍,322180.KS
모코엠시스,333050.KS
롯데리츠,330590.KS
지누스,013890.KS
밸로프,331520.KS
캐리소프트,317530.KS
한국미라클피플사,331660.KS
케이엔제이,272110.KS
엔바이오니아,317870.KS
팜스빌,318010.KS
두산퓨얼셀,336260.KS
라온피플,300120.KS
솔루스첨단소재,336370.KS
콘텐트리중앙,036420.KS
아톤,158430.KS
녹십자웰빙,234690.KS
누보,332290.KS
포커스에이아이,331380.KS
엔지브이아이,093510.KS
올리패스,244460.KS
라닉스,317120.KS
한울반도체,320000.KS
한독크린텍,256150.KS
아퓨어스,149300.KS
네오크레마,311390.KS
마니커에프앤지,195500.KS
솔트웨어,328380.KS
나노실리칸첨단소재,286750.KS
에스피시스템스,317830.KS
레이,228670.KS
그린플러스,186230.KS
코윈테크,282880.KS
덕산테코피아,317330.KS
KBG,318000.KS
엑스페릭스,317770.KS
세경하이테크,148150.KS
캐리,313760.KS
대모,317850.KS
에이스토리,241840.KS
플리토,300080.KS
헥토파이낸셜,234340.KS
아이스크림에듀,289010.KS
펨토바이오메드,327610.KS
펌텍코리아,251970.KS
에이에프더블류,312610.KS
태성,323280.KS
압타바이오,293780.KS
형지글로벌,308100.KS
마이크로디지탈,305090.KS
코퍼스코리아,322780.KS
프로이천,321260.KS
포스코퓨처엠,003670.KS
수젠텍,253840.KS
컴퍼니케이,307930.KS
피에스케이,319660.KS
현대무벡스,319400.KS
TS트릴리온,317240.KS
이노벡스,279060.KS
아모그린텍,125210.KS
현대오토에버,307950.KS
지노믹트리,228760.KS
이지케어텍,099750.KS
미래에셋벤처투자,100790.KS
드림텍,192650.KS
더블유게임즈,192080.KS
에코프로비엠,247540.KS
셀리드,299660.KS
우리금융지주,316140.KS
천보,278280.KS
SCL사이언스,246960.KS
노랑풍선,104620.KS
웹케시,053580.KS
엘에이티,311060.KS
에어부산,298690.KS
비피도,238200.KS
유틸렉스,263050.KS
디케이티,290550.KS
아이엘,307180.KS
애니플러스,310200.KS
디와이씨,310870.KS
위지윅스튜디오,299900.KS
조이웍스앤코,309930.KS
국전약품,307750.KS
에이비엘바이오,298380.KS
머큐리,100590.KS
전진바이오팜,110020.KS
뉴트리,270870.KS
비투엔,307870.KS
이노메트리,302430.KS
DH오토리드,290120.KS
에코캡,128540.KS
원바이오젠,307280.KS
윙입푸드,900340.KS
남화산업,111710.KS
엠아이텍,179290.KS
티로보틱스,117730.KS
네오펙트,290660.KS
에이펙스인텍,207490.KS
티앤알바이오팹,246710.KS
아시아나IDT,267850.KS
디알젬,263690.KS
싸이토젠,217330.KS
아주IB투자,027360.KS
디케이앤디,263020.KS
프로브잇,227100.KS
노바렉스,194700.KS
대보마그네틱,290670.KS
노바텍,285490.KS
엘앤씨바이오,290650.KS
지아이에스,306620.KS
로보티즈,108490.KS
옵티팜,153710.KS
에스퓨얼셀,288620.KS
세아제강,306200.KS
나우IB,293580.KS
푸드나무,290720.KS
하나제약,293480.KS
크리스에프앤씨,110790.KS
더블유에스아이,299170.KS
한국비티비,219750.KS
우진아이엔에스,010400.KS
엔피,291230.KS
피엔티엠에스,257370.KS
엔솔바이오사이언스,140610.KS
디지캡,197140.KS
지니틱스,303030.KS
액트로,290740.KS
오파스넷,173130.KS
브이엠,089970.KS
바이오솔루션,086820.KS
더콘텐츠온,302920.KS
신한알파리츠,293940.KS
디아이티,110990.KS
에스에스알,275630.KS
한일시멘트,300720.KS
휴네시온,290270.KS
티웨이항공,091810.KS
롯데이노베이트,286940.KS
한국유니온제약,080720.KS
그리티,204020.KS
알로이스,297570.KS
올릭스,226950.KS
HS효성첨단소재,298050.KS
테크트랜스,258050.KS
효성중공업,298040.KS
효성티앤씨,298020.KS
효성화학,298000.KS
아이큐어,175250.KS
SV인베스트먼트,289080.KS
엘리비젼,276240.KS
지앤이헬스케어,299480.KS
이리츠코크렙,088260.KS
EDGC,245620.KS
HDC현대산업개발,294870.KS
카이노스메드,284620.KS
파워넷,037030.KS
현대사료,016790.KS
세종메디칼,258830.KS
제노레이,122310.KS
에스제이켐,217910.KS
JTC,950170.KS
네오셈,253590.KS
케어랩스,263700.KS
애경산업,018250.KS
린드먼아시아,277070.KS
오스테오닉,226400.KS
엔지켐생명과학,183490.KS
동구바이오제약,006620.KS
아시아종묘,154030.KS
알리코제약,260660.KS
셀트리온,068270.KS
카페24,042000.KS
링크제니시스,219420.KS
배럴,267790.KS
SG,255220.KS
씨앤지하이테크,264660.KS
쿠쿠홈시스,284740.KS
SK케미칼,285130.KS
시스웍,269620.KS
디바이스,187870.KS
씨알푸드,236030.KS
레이크머티리얼즈,281740.KS
BGF리테일,282330.KS
DYP,092780.KS
진에어,272450.KS
씨티케이,260930.KS
메카로,241770.KS
에스트래픽,234300.KS
케이씨텍,281820.KS
체리부로,066360.KS
대원,007680.KS
삼양패키징,272550.KS
스튜디오드래곤,253450.KS
코오롱티슈진,950160.KS
EMB,278990.KS
테이팩스,055490.KS
롯데웰푸드,280360.KS
탑선,180060.KS
영화테크,265560.KS
폴라리스세원,234100.KS
상신전자,263810.KS
야스,255440.KS
인산가,277410.KS
휴엠앤씨,263920.KS
신흥에스이씨,243840.KS
유티아이,179900.KS
선익시스템,171090.KS
엠플러스,259630.KS
앱클론,174900.KS
펄어비스,263750.KS
킵스파마,256940.KS
SK시그넷,260870.KS
덕우전자,263600.KS
앱튼,270520.KS
케일럼,258610.KS
알에스오토메이션,140670.KS
컬러레이,900310.KS
와이즈버즈,273060.KS
모트렉스,118990.KS
데이타솔루션,263800.KS
지니언스,263860.KS
디앤씨미디어,263720.KS
루켄테크놀러지스,162120.KS
힘스,238490.KS
제일약품,271980.KS
브이원텍,251630.KS
아우딘퓨쳐스,227610.KS
이녹스첨단소재,272290.KS
카카오,035720.KS
오리온,271560.KS
하림지주,003380.KS
덴티스,261200.KS
메디안디노스틱,233250.KS
나인테크,267320.KS
에스알바이오텍,270210.KS
레드우즈,266170.KS
보라티알,250000.KS
매일유업,267980.KS
LK삼양,225190.KS
이랜시스,264850.KS
필옵틱스,161580.KS
미원에스씨,268280.KS
경동도시가스,267290.KS
넷마블,251270.KS
HD건설기계,267270.KS
HD현대,267250.KS
HD현대일렉트릭,267260.KS
포인트엔지니어링,256630.KS
하나머티리얼즈,166090.KS
소프트캠프,258790.KS
와이엠티,251370.KS
크라운제과,264900.KS
AP시스템,265520.KS
유에스티,263770.KS
이엘피,063760.KS
유비쿼스,264450.KS
서진시스템,178320.KS
코미코,183300.KS
아스타,246720.KS
덴티움,145720.KS
에스디생명공학,217480.KS
신신제약,002800.KS
에프엔에스테크,083500.KS
모바일어플라이언스,087260.KS
피씨엘,241820.KS
호전실업,111110.KS
서플러스글로벌,140070.KS
유바이오로직스,206650.KS
도부,227420.KS
한국비엔씨,256840.KS
DSC인베스트먼트,241520.KS
TS인베스트먼트,246690.KS
피엠티,147760.KS
바이오프로테크,199290.KS
HLB펩,196300.KS
유니온바이오메트릭스,203450.KS
신라젠,215600.KS
자비스,254120.KS
핸즈코퍼레이션,143210.KS
티이엠씨씨엔에스,241790.KS
퓨쳐켐,220100.KS
뉴파워프라즈마,144960.KS
엘앤케이바이오,156100.KS
핸디소프트,220180.KS
두산밥캣,241560.KS
삼성바이오로직스,207940.KS
클리오,237880.KS
오가닉티코스메틱,900300.KS
얼라인드,238120.KS
세화피앤씨,252500.KS
아이티센코어,243870.KS
인크로스,216050.KS
에이치엘사이언스,239610.KS
코스메카코리아,241710.KS
JW생명과학,234080.KS
GRT,900290.KS
안지오랩,251280.KS
인텔리안테크,189300.KS
에이치시티,072990.KS
잉글우드랩,950140.KS
앤디포스,238090.KS
수산아이앤티,050960.KS
미투온,201490.KS
화승엔터프라이즈,241590.KS
예선테크,250930.KS
LS에코에너지,229640.KS
스타에스엠리츠,204210.KS
유니테크노,241690.KS
모비스,250060.KS
나무기술,242040.KS
자이글,234920.KS
일동제약,249420.KS
헝셩그룹,900270.KS
샘표식품,248170.KS
에코마케팅,230360.KS
블루탑,191600.KS
두올,016740.KS
다산디엠씨,208860.KS
우리손에프앤지,073560.KS
오건에코텍,212310.KS
알엔티엑스,123010.KS
제노텍,066830.KS
동서,026960.KS
한국자산신탁,123890.KS
한국토지신탁,034830.KS
모아라이프플러스,142760.KS
피앤씨테크,237750.KS
로스웰,900260.KS
씨앤에스링크,245450.KS
해성디에스,195870.KS
에스티팜,237690.KS
지씨셀,144510.KS
알엔투테크놀로지,148250.KS
이비테크,208850.KS
이스트에이드,239340.KS
휴온스,243070.KS
나눔테크,244880.KS
KC산업,112190.KS
모나용평,070960.KS
해태제과식품,101530.KS
원익IPS,240810.KS
로보쓰리에이아이,238500.KS
레이언스,228850.KS
동양파일,228340.KS
삼일씨엔에스,004440.KS
팬젠,222110.KS
AP위성,211270.KS
비유테크놀러지,230980.KS
큐리언트,115180.KS
안트로젠,065660.KS
슈프리마,236200.KS
제이에스코퍼레이션,194370.KS
유니트론텍,142210.KS
크리스탈신소재,900250.KS
메디젠휴먼케어,236340.KS
볼빅,206950.KS
이엠티,232530.KS
더코디,224060.KS
에스와이,109610.KS
질경이,233990.KS
잇츠한불,226320.KS
크로넥스,215570.KS
사토시홀딩스,223310.KS
와이씨,232140.KS
육일씨엔에쓰,191410.KS
휴젤,145020.KS
한국맥널티,222980.KS
덱스터,206560.KS
아진산업,013310.KS
HLB제약,047920.KS
강스템바이오텍,217730.KS
에이원알폼,234070.KS
메가엠디,133750.KS
HC보광산업,225530.KS
파크시스템스,140860.KS
에치에프알,230240.KS
예스티,122640.KS
코스맥스엔비티,222040.KS
멕아이씨에스,058110.KS
원익피앤이,217820.KS
세진중공업,075580.KS
하이즈항공,221840.KS
DXVX,180400.KS
케이디켐,221980.KS
네오오토,212560.KS
엔투텍,227950.KS
케어젠,214370.KS
아이진,185490.KS
나무가,190510.KS
시지메드텍,056090.KS
금호에이치티,214330.KS
제주항공,089590.KS
본느,226340.KS
파마리서치바이오,217950.KS
럭스피아,092590.KS
노브메타파마,229500.KS
엔케이맥스,182400.KS
현대코퍼레이션홀딩스,227840.KS
엑시콘,092870.KS
엄지하우스,224810.KS
메디쎄이,200580.KS
케이엠제약,225430.KS
패션플랫폼,225590.KS
LIG넥스원,079550.KS
넥슨게임즈,225570.KS
제너셈,217190.KS
타이거일렉,219130.KS
HDC랩스,039570.KS
동일제강,002690.KS
휴먼테크놀로지,175140.KS
씨아이에스,222080.KS
에이텍모빌리티,224110.KS
웹스,196700.KS
AJ네트웍스,095570.KS
파인텍,131760.KS
세토피아,222810.KS
심텍,222800.KS
흥국에프엔비,189980.KS
쎄노텍,222420.KS
칩스앤미디어,094360.KS
아시아경제,127710.KS
엔에스컴퍼니,224760.KS
아이쓰리시스템,214430.KS
로지시스,067730.KS
플럼라인생명과학,222670.KS
켐트로스,220260.KS
파마리서치,214450.KS
디와이디,219550.KS
펩트론,087010.KS
이노션,214320.KS
토니모리,214420.KS
광동헬스바이오,086220.KS
로지스몬,223220.KS
미래에셋생명,085620.KS
RFHIC,218410.KS
동운아나텍,094170.KS
일월지엠엘,178780.KS
헥토이노베이션,214180.KS
경보제약,214390.KS
인바이츠바이오코아,216400.KS
코아스템켐온,166480.KS
SK디앤디,210980.KS
씨앗,103660.KS
베셀,177350.KS
넵튠,217270.KS
미래생명자원,218150.KS
싸이맥스,160980.KS
러셀,217500.KS
픽셀플러스,087600.KS
선샤인푸드,217620.KS
HLB제넥스,187420.KS
틸론,217880.KS
우정바이오,215380.KS
지에이이노더스,076340.KS
토박스코리아,215480.KS
이노인스트루먼트,215790.KS
우리산업,215360.KS
메가스터디교육,215200.KS
썬테크,217320.KS
솔디펜스,215090.KS
로보로보,215100.KS
디알텍,214680.KS
에이비프로바이오,195990.KS
골프존,215000.KS
클래시스,214150.KS
FSN,214270.KS
다이나믹디자인,145210.KS
포시에스,189690.KS
덕산네오룩스,213420.KS
한솔제지,213500.KS
디와이파워,210540.KS
국일신동,060480.KS
링크드,193250.KS
바디텍메드,206640.KS
스튜디오산타클로스,204630.KS
썸에이지,208640.KS
에이팩트,200470.KS
휴메딕스,200670.KS
서전기전,189860.KS
아스트,067390.KS
오킨스전자,080580.KS
지란지교시큐리티,208350.KS
포톤,208710.KS
NEW,160550.KS
아이티센글로벌,124500.KS
미래엔에듀파트너,208890.KS
삼성물산,028260.KS
녹십자엠에스,142280.KS
디티앤씨,187220.KS
셀바스헬스케어,208370.KS
정다운,208140.KS
하이로닉,149980.KS
랩지노믹스,084650.KS
에이디테크놀로지,200710.KS
비씨월드제약,200780.KS
미스터블루,207760.KS
알테오젠,196170.KS
베노티앤알,206400.KS
대창스틸,140520.KS
에프엔씨엔터,173940.KS
휴마시스,205470.KS
씨에스윈드,112610.KS
텔콘RF제약,200230.KS
지엘팜텍,204840.KS
글로벌텍스프리,204620.KS
디에이테크놀로지,196490.KS
삼성에스디에스,018260.KS
아이케이세미콘,149010.KS
넥써쓰,205500.KS
엑셈,205100.KS
테고사이언스,191420.KS
슈피겐코리아,192440.KS
영우디에스피,143540.KS
유니포인트,121060.KS
드림시큐리티,203650.KS
메디아나,041920.KS
HL만도,204320.KS
데브시스터즈,194480.KS
아크솔루션스,203690.KS
오늘이엔엠,192410.KS
강동씨앤엘,198440.KS
판도라티비,202960.KS
서연이화,200880.KS
신화콘텍,187270.KS
쿠쿠홀딩스,192400.KS
파버나인,177830.KS
덕신이피씨,090410.KS
창해에탄올,004650.KS
윈하이텍,192390.KS
아진엑스텍,059120.KS
콜마비앤에이치,200130.KS
화인베스틸,133820.KS
엣지파운드리,105550.KS
큐엠씨,136660.KS
데이터스트림즈,199150.KS
코아시아씨엠,196450.KS
캐스텍코리아,071850.KS
BGF,027410.KS
나노,187790.KS
케이사인,192250.KS
코스맥스,192820.KS
오이솔루션,138080.KS
한국정보인증,053300.KS
다산솔루에타,154040.KS
현대이지웰,090850.KS
위월드,140660.KS
코셋,189350.KS
SGA솔루션즈,184230.KS
대동고려삼,178600.KS
기가레인,049080.KS
알티캐스트,085810.KS
종근당,185750.KS
현대공업,170030.KS
엔브이에이치코리아,067570.KS
탑코미디어,134580.KS
신송홀딩스,006880.KS
큐브엔터,182360.KS
라이온켐텍,171120.KS
램테크놀러지,171010.KS
앤로보틱스,138360.KS
아세아시멘트,183190.KS
해성옵틱스,076610.KS
내츄럴엔도텍,168330.KS
현대로템,064350.KS
수프로,185190.KS
두산테스나,131970.KS
파수,150900.KS
엘티씨,170920.KS
지엔씨에너지,119850.KS
한진칼,180640.KS
아미코젠,092040.KS
NHN,181710.KS
GH신소재,130500.KS
파이오링크,170790.KS
KG에코솔루션,151860.KS
JB금융지주,175330.KS
KT나스미디어,089600.KS
대주이엔티,114920.KS
머니무브,179720.KS
태양기계,116100.KS
엑세스바이오,950130.KS
DSR,155660.KS
리가켐바이오,141080.KS
동아에스티,170900.KS
윈팩,097800.KS
코렌텍,104540.KS
제로투세븐,159580.KS
한솔아이원스,114810.KS
우리이앤엘,153490.KS
아이센스,099190.KS
에코글로우,159910.KS
우리로,046970.KS
디젠스,113810.KS
지엠비코리아,013870.KS
와이엠씨,155650.KS
LG헬로비전,037560.KS
아바텍,149950.KS
동일고무벨트,163560.KS
한국콜마,161890.KS
한국타이어앤테크놀로지,161390.KS
코이즈,121850.KS
애경케미칼,161000.KS
네이블,153460.KS
노블엠앤비,106520.KS
피엔티,137400.KS
사조씨푸드,014710.KS
비아트론,141000.KS
빛샘전자,072950.KS
한국ANKOR유전,152550.KS
휴비스,079980.KS
사람인,143240.KS
제룡산업,147830.KS
남화토건,091590.KS
케이탑리츠,145270.KS
메지온,140410.KS
원익머트리얼즈,104830.KS
제이에스링크,127120.KS
GS리테일,007070.KS
나이스디앤비,130580.KS
시큐브,131090.KS
서암기계공업,100660.KS
인터지스,129260.KS
씨유메디칼,115480.KS
삼양사,145990.KS
키네마스터,139670.KS
비덴트,121800.KS
신진에스엠,138070.KS
이엠넷,123570.KS
와이지엔터테인먼트,122870.KS
테크윙,089030.KS
씨큐브,101240.KS
에스엠코어,007820.KS
씨엔플러스,115530.KS
하나투어,039130.KS
로보스타,090360.KS
대한과학,131220.KS
아이디스,143160.KS
에이블씨엔씨,078520.KS
제이씨케미칼,137950.KS
아이씨디,040910.KS
제닉,123330.KS
BF랩스,139050.KS
삼원강재,023000.KS
상아프론테크,089980.KS
신세계인터내셔날,031430.KS
에이리츠,140910.KS
나이벡,138610.KS
옵티시스,109080.KS
대양전기공업,108380.KS
한국항공우주,047810.KS
롯데하이마트,071840.KS
서연탑메탈,019770.KS
한세엠케이,069640.KS
코오롱ENP,138490.KS
넥스트아이,137940.KS
티엔엔터테인먼트,131100.KS
이마트,139480.KS
iM금융지주,139130.KS
케이티스카이라이프,053210.KS
KX,122450.KS
골프존홀딩스,121440.KS
메리츠금융지주,138040.KS
윈스테크넷,136540.KS
하림,136480.KS
한국종합기술,023350.KS
이퓨쳐,134060.KS
티케이케미칼,104480.KS
BNK금융지주,138930.KS
롯데에너지머티리얼즈,020150.KS
부스타,008470.KS
현대위아,011210.KS
선진,136490.KS
미원화학,134380.KS
나노신소재,121600.KS
케이아이엔엑스,093320.KS
티피씨글로벌,130740.KS
LB세미콘,061970.KS
딜리,131180.KS
제이엔케이글로벌,126880.KS
블루콤,033560.KS
인트론바이오,048530.KS
시디즈,134790.KS
알서포트,131370.KS
인텍플러스,064290.KS
티에스이,131290.KS
한화엔진,082740.KS
이브이첨단소재,131400.KS
대성에너지,117580.KS
현대퓨처넷,126560.KS
대정화금,120240.KS
KTis,058860.KS
한전산업,130660.KS
피제이메탈,128660.KS
옵투스제약,131030.KS
에이루트,096690.KS
엘브이엠씨,900140.KS
티비씨,033830.KS
시그네틱스,033170.KS
한국전자인증,041460.KS
BGF에코머티리얼즈,126600.KS
디케이락,105740.KS
위메이드플레이,123420.KS
아나패스,123860.KS
KNN,058400.KS
누리플랜,069140.KS
아이텍,119830.KS
인화정공,101930.KS
셀피글로벌,068940.KS
뉴온,123840.KS
미스토홀딩스,081660.KS
알파칩스,117670.KS
포메탈,119500.KS
KTcs,058850.KS
다원시스,068240.KS
현대홈쇼핑,057050.KS
씨젠,096530.KS
와이솔,122990.KS
하이비젼시스템,126700.KS
화신정공,126640.KS
코리아에프티,123410.KS
도화엔지니어링,002150.KS
엠에스오토텍,123040.KS
이글루,067920.KS
대성산업,128820.KS
아이마켓코리아,122900.KS
한미약품,128940.KS
인터로조,119610.KS
하이텍팜,106190.KS
우진,105840.KS
무학,033920.KS
에스디시스템,121890.KS
알톤,123750.KS
유비벨록스,089850.KS
오르비텍,046120.KS
이연제약,102460.KS
엑스큐어,070300.KS
투비소프트,079970.KS
한국화장품,123690.KS
에스제이엠,123700.KS
인피니트헬스케어,071200.KS
서진오토모티브,122690.KS
인지소프트,100030.KS
HL홀딩스,060980.KS
삼성생명,032830.KS
신세계푸드,031440.KS
이스트아시아홀딩스,900110.KS
애머릿지,900100.KS
케이씨에스,115500.KS
씨엑스아이,900120.KS
HLB테라퓨틱스,115450.KS
삼기,122350.KS
한화생명,088350.KS
이미지스,115610.KS
조선선재,120030.KS
인포바인,115310.KS
케이이엠텍,106080.KS
모베이스,101330.KS
코오롱인더,120110.KS
KC코트렐,119650.KS
지역난방공사,071320.KS
스타플렉스,115570.KS
우리넷,115440.KS
아세아텍,050860.KS
영흥,012160.KS
폴라리스우노,114630.KS
코디,080530.KS
메타케어,118000.KS
글로벌에스엠,900070.KS
DGI,099520.KS
그린생명과학,114450.KS
디와이피엔에프,104460.KS
위메이드,112040.KS
한전기술,052690.KS
셀바스AI,108860.KS
이원컴포텍,088290.KS
강원에너지,114190.KS
GKL,114090.KS
휴맥스,115160.KS
앱토크롬,109960.KS
SK,034730.KS
동방선기,099410.KS
KS인더스트리,101000.KS
진매트릭스,109820.KS
황금에스티,032560.KS
비츠로셀,082920.KS
하이트진로,000080.KS
한스바이오메드,042520.KS
동양생명,082640.KS
NHN벅스,104200.KS
아이앤씨,052860.KS
유니온머티리얼,047400.KS
케이엔더블유,105330.KS
형지엘리트,093240.KS
디에스케이,109740.KS
제넥신,095700.KS
톱텍,108230.KS
동국S&C,100130.KS
에스앤더블류,103230.KS
키움증권,039490.KS
영원무역,111770.KS
컴투스홀딩스,063080.KS
동일금속,109860.KS
한미글로벌,053690.KS
동아지질,028100.KS
어보브반도체,102120.KS
위메이드맥스,101730.KS
이엔에프테크놀로지,102710.KS
스맥,099440.KS
SDN,099220.KS
한국정밀기계,101680.KS
HD현대마린엔진,071970.KS
흥국,010240.KS
우림피티에스,101170.KS
티플랙스,081150.KS
LX하우시스,108670.KS
에스티오,098660.KS
에이테크솔루션,071670.KS
에스앤에스텍,101490.KS
뷰웍스,100120.KS
코오롱생명과학,102940.KS
엔시트론,101400.KS
한세실업,105630.KS
주성코퍼레이션,109070.KS
파인테크닉스,106240.KS
미원홀딩스,107590.KS
이수앱지스,086890.KS
대성파인텍,104040.KS
유비쿼스홀딩스,078070.KS
메디톡스,086900.KS
엠게임,058630.KS
아이컴포넌트,059100.KS
NAVER,035420.KS
HLB생명과학,067630.KS
이크레더블,092130.KS
부국철강,026940.KS
KB금융,105560.KS
세운메디칼,100700.KS
한국철강,104700.KS
마이크로컨텍솔,098120.KS
이엠앤아이,083470.KS
일진전기,103590.KS
풍산,103140.KS
LG이노텍,011070.KS
아이엠,101390.KS
웰크론한텍,076080.KS
하이드로리튬,101670.KS
슈프리마에이치큐,094840.KS
명문제약,017180.KS
서울옥션,063170.KS
이스트소프트,047560.KS
비상교육,100220.KS
크레버스,096240.KS
동성케미컬,102260.KS
월덱스,101160.KS
쎄트렉아이,099320.KS
브리지텍,064480.KS
고영,098460.KS
조이시티,067000.KS
우진비앤지,018620.KS
테스,095610.KS
예스24,053280.KS
엘디티,096870.KS
LG유플러스,032640.KS
메타바이오메드,059210.KS
효성오앤비,097870.KS
인바이오젠,101140.KS
아시아나항공,020560.KS
SNT에너지,100840.KS
진양홀딩스,100250.KS
한울소재과학,091440.KS
엔케이,085310.KS
에코볼트,097780.KS
에스코넥,096630.KS
일신바이오,068330.KS
서원인텍,093920.KS
이씨에스,067010.KS
대창솔루션,096350.KS
한전KPS,051600.KS
엑시온그룹,069920.KS
알에프세미,096610.KS
디엔에프,092070.KS
일진파워,094820.KS
비엠티,086670.KS
기신정기,092440.KS
이엠코리아,095190.KS
KSS해운,044450.KS
효성 ITX,094280.KS
현우산업,092300.KS
유나이티드,033270.KS
케이알엠,093640.KS
디아이씨,092200.KS
에스에너지,095910.KS
성우전자,081580.KS
엘엠에스,073110.KS
제이엠티,094970.KS
오디텍,080520.KS
ISC,095340.KS
네오티스,085910.KS
미래나노텍,095500.KS
상보,027580.KS
CJ제일제당,097950.KS
바이오톡스텍,086040.KS
팬오션,028670.KS
옴니시스템,057540.KS
푸른기술,094940.KS
웨이브일렉트로,095270.KS
HJ중공업,097230.KS
빅솔론,093190.KS
JW홀딩스,096760.KS
S&K폴리텍,091340.KS
SK이노베이션,096770.KS
멤레이비티,072770.KS
갤럭시아머니트리,094480.KS
에코프로,086520.KS
대산F&B,065150.KS
컴투스,078340.KS
네오위즈,095660.KS
삼성카드,029780.KS
앤씨앤,092600.KS
엔텔스,069410.KS
알루코,001780.KS
풍강,093380.KS
웅진씽크빅,095720.KS
동국제약,086450.KS
케이프,064820.KS
상신이디피,091580.KS
한라IMS,092460.KS
에프알텍,073540.KS
이엠텍,091120.KS
참좋은여행,094850.KS
네오리진,094860.KS
맵스리얼티,094800.KS
LS증권,078020.KS
매커스,093520.KS
나노캠텍,091970.KS
네오팜,092730.KS
오스코텍,039200.KS
켐트로닉스,089010.KS
제이스텍,090470.KS
동아엘텍,088130.KS
메타랩스,090370.KS
후성,093370.KS
휴온스글로벌,084110.KS
케이씨티,089150.KS
파트론,091700.KS
유니테스트,086390.KS
휴림로봇,090710.KS
LF,093050.KS
에스에이티,060540.KS
큐에스아이,066310.KS
멀티캠퍼스,067280.KS
주연테크,044380.KS
코스맥스비티아이,044820.KS
코세스,089890.KS
인천도시가스,034590.KS
성창오토텍,080470.KS
넥스턴앤롤코리아,089140.KS
제이티,089790.KS
아이윈,090150.KS
이녹스,088390.KS
삼정펄프,009770.KS
KEC,092220.KS
KPX홀딩스,092230.KS
THE E&M,089230.KS
바텍,043150.KS
MDS테크,086960.KS
HDC현대EP,089470.KS
루멘스,038060.KS
CSA 코스믹,083660.KS
NICE인프라,063570.KS
쇼박스,086980.KS
팬엔터테인먼트,068050.KS
인포뱅크,039290.KS
노루페인트,090350.KS
아모레퍼시픽,090430.KS
스테이지원엔터,078860.KS
동우팜투테이블,088910.KS
롯데관광개발,032350.KS
제이브이엠,054950.KS
평화산업,090080.KS
우진플라임,049800.KS
팅크웨어,084730.KS
신세계I&C,035510.KS
진바이오텍,086060.KS
티케이지애강,022220.KS
진도,088790.KS
에이스테크,088800.KS
맥쿼리인프라,088980.KS
롯데쇼핑,023530.KS
셀트리온제약,068760.KS
GST,083450.KS
에너토크,019990.KS
제우스,079370.KS
뉴프렉스,085670.KS
유진테크,084370.KS
CG인바이츠,083790.KS
바이오니아,064550.KS
헬릭스미스,084990.KS
인콘,083640.KS
차바이오텍,085660.KS
현대글로비스,086280.KS
대봉엘에스,078140.KS
와이엔텍,067900.KS
케이엠,083550.KS
티비에이치글로벌,084870.KS
수성웹툰,084180.KS
하나금융지주,086790.KS
제일연마,001560.KS
모다이노칩,080420.KS
비에이치아이,083650.KS
케스피온,079190.KS
현대리바트,079430.KS
비보존 제약,082800.KS
자연과환경,043910.KS
와토스코리아,079000.KS
대한제강,084010.KS
폴라리스오피스,041020.KS
휴림에이텍,078590.KS
서린바이오,038070.KS
새론오토모티브,075180.KS
그린케미칼,083420.KS
가비아,079940.KS
덕산하이메탈,077360.KS
아바코,083930.KS
하나마이크론,067310.KS
엘오티베큠,083310.KS
코스나인,082660.KS
이상네트웍스,080010.KS
대상홀딩스,084690.KS
코아스,071950.KS
메디포스트,078160.KS
우리바이오,082850.KS
모두투어,080160.KS
이월드,084680.KS
동양고속,084670.KS
한미반도체,042700.KS
가온그룹,078890.KS
쏠리드,050890.KS
동일산업,004890.KS
옵트론텍,082210.KS
젬백스,082270.KS
플랜티넷,075130.KS
삼호개발,010960.KS
금호타이어,073240.KS
이노와이어리스,073490.KS
인베니아,079950.KS
동양이엔피,079960.KS
제주반도체,080220.KS
한창산업,079170.KS
디이엔티,079810.KS
iMBC,052220.KS
서산,079650.KS
KX하이텍,052900.KS
손오공,066910.KS
미래컴퍼니,049950.KS
아이크래프트,052460.KS
CJ CGV,079160.KS
일진다이아,081000.KS
메가스터디,072870.KS
케이에스피,073010.KS
KG모빌리언스,046440.KS
대주전자재료,078600.KS
텔레칩스,054450.KS
HB테크놀러지,078150.KS
도이치모터스,067990.KS
유니드,014830.KS
토비스,051360.KS
상신브레이크,041650.KS
국일제지,078130.KS
DMS,068790.KS
인팩,023810.KS
시너지이노베이션,048870.KS
신성델타테크,065350.KS
GS,078930.KS
유니퀘스트,077500.KS
다스코,058730.KS
한국경제TV,039340.KS
LG디스플레이,034220.KS
다날,064260.KS
텔코웨어,078000.KS
형지I&C,011080.KS
비케이홀딩스,050090.KS
YBM넷,057030.KS
CS,065770.KS
아미노로직스,074430.KS
테라젠이텍스,066700.KS
디에이피,066900.KS
한양디지텍,078350.KS
STX엔진,077970.KS
동국알앤에스,075970.KS
빛과전자,069540.KS
듀오백,073190.KS
삼진엘앤디,054090.KS
폴라리스AI파마,041910.KS
NICE,034310.KS
대교,019680.KS
세진티에스,067770.KS
한솔인티큐브,070590.KS
리튬포어스,073570.KS
테라사이언스,073640.KS
우주일렉트로,065680.KS
기업은행,024110.KS
이엔플러스,074610.KS
SOOP,067160.KS
드림어스컴퍼니,060570.KS
버킷스튜디오,066410.KS
원익QnC,074600.KS
로체시스템즈,071280.KS
에스텍,069510.KS
오텍,067170.KS
키이스트,054780.KS
현대에버다임,041440.KS
한솔홈데코,025750.KS
중앙백신,072020.KS
휴비츠,065510.KS
우리산업홀딩스,072470.KS
디지털대성,068930.KS
이수페타시스,007660.KS
강원랜드,035250.KS
유아이디,069330.KS
티씨케이,064760.KS
YG PLUS,037270.KS
아모텍,052710.KS
농심홀딩스,072710.KS
웰크론,065950.KS
파워로직스,047310.KS
한국금융지주,071050.KS
이엘씨,041520.KS
유엔젤,072130.KS
SBS,034120.KS
홈캐스트,064240.KS
씨씨에스,066790.KS
웹젠,069080.KS
엔씨소프트,036570.KS
하이스틸,071090.KS
대화제약,067080.KS
우수AMS,066590.KS
JW신약,067290.KS
하츠,066130.KS
빅텍,065450.KS
탑엔지니어링,065130.KS
DSR제강,069730.KS
이루온,065440.KS
태경케미컬,006890.KS
재영솔루텍,049630.KS
한국큐빅,021650.KS
인터플렉스,051370.KS
삼영이엔씨,065570.KS
하이퍼코퍼레이션,065650.KS
한성크린텍,066980.KS
리더스코스메틱,016100.KS
한농화성,011500.KS
케이피엠테크,042040.KS
디티씨,066670.KS
아이로보틱스,066430.KS
초록뱀미디어,047820.KS
인크레더블버즈,064090.KS
쎌바이오텍,049960.KS
NE능률,053290.KS
테크엘,064520.KS
현대백화점,069960.KS
KG이니시스,035600.KS
비엘팜텍,065170.KS
대호에이엘,069460.KS
대웅제약,069620.KS
플래스크,041590.KS
마니커,027740.KS
SNT홀딩스,036530.KS
티케이지휴켐스,069260.KS
새로닉스,042600.KS
SJG세종,033530.KS
오리엔트정공,065500.KS
에이전트AI,060900.KS
국보디자인,066620.KS
아이톡시,052770.KS
에스아이리소스,065420.KS
포니링크,064800.KS
포스코스틸리온,058430.KS
폴라리스AI,039980.KS
현대바이오,048410.KS
삼성출판사,068290.KS
세이브존I&C,067830.KS
에스피지,058610.KS
토탈소프트,045340.KS
교보증권,030610.KS
서호전기,065710.KS
파커스,065690.KS
한샘,009240.KS
HC홈센타,060560.KS
서울리거,043710.KS
아비코전자,036010.KS
큐렉소,060280.KS
제이케이시냅스,060230.KS
우원개발,046940.KS
티사이언티픽,057680.KS
인선이엔티,060150.KS
와이어블,065530.KS
SM Life Design,063440.KS
우신시스템,017370.KS
지어소프트,051160.KS
지엔코,065060.KS
셀루메드,049180.KS
KH바텍,060720.KS
알에프텍,061040.KS
에스폴리텍,050760.KS
이랜텍,054210.KS
ES큐브,050120.KS
케이피티유,054410.KS
3S,060310.KS
LG전자,066570.KS
화일약품,061250.KS
오상자이엘,053980.KS
콜마홀딩스,024720.KS
농우바이오,054050.KS
케이엘넷,039420.KS
SNT모티브,064960.KS
에스티아이,039440.KS
잉크테크,049550.KS
대한뉴팜,054670.KS
씨티씨바이오,060590.KS
인탑스,049070.KS
LS마린솔루션,060370.KS
피씨디렉트,051380.KS
광주신세계,037710.KS
구영테크,053270.KS
한국기업평가,034950.KS
뉴보텍,060260.KS
동양에스텍,060380.KS
백금T&A,046310.KS
고려신용정보,049720.KS
서울반도체,046890.KS
아가방컴퍼니,013990.KS
한주에이알티,058450.KS
미코,059090.KS
유신,054930.KS
프럼파스트,035200.KS
한국컴퓨터,054040.KS
대동스틸,048470.KS
링네트,042500.KS
크레오에스지,040350.KS
팬스타엔터프라이즈,054300.KS
한빛소프트,047080.KS
일진디스플,020760.KS
NHN KCP,060250.KS
CNT85,056730.KS
금강철강,053260.KS
스타코링크,060240.KS
동아화성,041930.KS
비츠로시스,054220.KS
오리엔탈정공,014940.KS
웰킵스하이텍,043590.KS
리노공업,058470.KS
성우테크론,045300.KS
에스에프에이,056190.KS
신화인터텍,056700.KS
엑사이엔씨,054940.KS
피에이치에이,043370.KS
종근당바이오,063160.KS
APS,054620.KS
코위버,056360.KS
성호전자,043260.KS
YW,051390.KS
삼영엠텍,054540.KS
이니텍,053350.KS
유진로봇,056080.KS
태웅,044490.KS
경남제약,053950.KS
삼보모터스,053700.KS
한컴위드,054920.KS
코미팜,041960.KS
프리엠스,053160.KS
코나아이,052400.KS
메디콕스,054180.KS
더테크놀로지,043090.KS
비트플래닛,049470.KS
지에스이,053050.KS
아이디스홀딩스,054800.KS
코데즈컴바인,047770.KS
안랩,053800.KS
신한지주,055550.KS
YTN,040300.KS
CMG제약,058820.KS
JYP Ent.,035900.KS
KCC건설,021320.KS
세동,053060.KS
프로텍,053610.KS
액토즈소프트,052790.KS
세코닉스,053450.KS
바이넥스,053030.KS
오성첨단소재,052420.KS
코웨이,021240.KS
태양,053620.KS
오션인더블유,052300.KS
유아이엘,049520.KS
대원미디어,048910.KS
중앙첨단소재,051980.KS
세아홀딩스,058650.KS
CJ프레시웨이,051500.KS
파인디앤씨,049120.KS
디지아이,043360.KS
코텍,052330.KS
한네트,052600.KS
에스티큐브,052020.KS
티에스넥스젠,043220.KS
큐로홀딩스,051780.KS
피노,033790.KS
나라엠앤디,051490.KS
에코바이오,038870.KS
에이텍,045660.KS
대아티아이,045390.KS
캠시스,050110.KS
현대바이오랜드,052260.KS
SFA반도체,036540.KS
LG생활건강,051900.KS
LG화학,051910.KS
대우건설,047040.KS
포스코인터내셔널,047050.KS
한화오션,042660.KS
삼표시멘트,038500.KS
진양화학,051630.KS
HLB이노베이션,024850.KS
SM C&C,048550.KS
승일,049830.KS
TPC,048770.KS
코메론,049430.KS
빌리언스,044480.KS
삼화네트웍스,046390.KS
성광벤드,014620.KS
유라테크,048430.KS
삼현철강,017480.KS
오픈베이스,049480.KS
라온시큐어,042510.KS
삼양케이씨아이,036670.KS
오로라,039830.KS
금화피에스시,036190.KS
코다코,046070.KS
인바디,041830.KS
고려제약,014570.KS
크린앤사이언스,045520.KS
KD,044180.KS
이글벳,044960.KS
아즈텍WB,032080.KS
두산에너빌리티,034020.KS
오리콤,010470.KS
위닉스,044340.KS
상지건설,042940.KS
한국내화,010040.KS
엔피케이,048830.KS
삼천당제약,000250.KS
에이치케이,044780.KS
정원엔시스,045510.KS
한양이엔지,045100.KS
누리플렉스,040160.KS
에쎈테크,043340.KS
국순당,043650.KS
엘컴텍,037950.KS
이오테크닉스,039030.KS
상상인,038540.KS
서울제약,018680.KS
HLB파나진,046210.KS
나노엔텍,039860.KS
오공,045060.KS
알파AI,043100.KS
비츠로테크,042370.KS
코아시아,045970.KS
정상제이엘에스,040420.KS
진양제약,007370.KS
KT지니뮤직,043610.KS
진성티이씨,036890.KS
현대에이치티,039010.KS
삼아제약,009300.KS
파루,043200.KS
에스씨디,042110.KS
한국정보공학,039740.KS
디오,039840.KS
네오위즈홀딩스,042420.KS
다산네트웍스,039560.KS
바이오스마트,038460.KS
우리기술,032820.KS
안국약품,001540.KS
세중,039310.KS
우리기술투자,041190.KS
케이바이오,038530.KS
HRS,036640.KS
에스에이엠티,031330.KS
위즈코프,038620.KS
이건홀딩스,039020.KS
파인디지털,038950.KS
나이스정보통신,036800.KS
SG&G,040610.KS
아이에이,038880.KS
에스넷,038680.KS
에스엠,041510.KS
아이티센엔텍,010280.KS
쎄니트,037760.KS
대성미생물,036480.KS
에코플라스틱,038110.KS
케이엠더블유,032500.KS
화성밸브,039610.KS
경남스틸,039240.KS
마크로젠,038290.KS
희림,037440.KS
레드캡투어,038390.KS
솔브레인홀딩스,036830.KS
에프에스티,036810.KS
코맥스,036690.KS
EG,037370.KS
감성코퍼레이션,036620.KS
성도이엔지,037350.KS
제일테크노스,038010.KS
한세예스24홀딩스,016450.KS
무림SP,001810.KS
세종텔레콤,036630.KS
심텍홀딩스,036710.KS
파세코,037070.KS
KZ정밀,036560.KS
SGC E&C,016250.KS
서희건설,035890.KS
주성엔지니어링,036930.KS
케이티알파,036030.KS
대성홀딩스,016710.KS
다우데이타,032190.KS
동진쎄미켐,005290.KS
선광,003100.KS
에이치엠넥스,036170.KS
제이에스티나,026040.KS
지더블유바이텍,036180.KS
한국팩키지,037230.KS
삼지전자,037460.KS
우리엔터프라이즈,037400.KS
대원제약,003220.KS
한국가스공사,036460.KS
네패스,033640.KS
인지디스플레,037330.KS
위지트,036090.KS
유니셈,036200.KS
유성티엔에스,024800.KS
코리아나,027050.KS
골드앤에스,035290.KS
서울평가정보,036120.KS
서울전자통신,027040.KS
대성창투,027830.KS
예림당,036000.KS
미래아이앤지,007120.KS
CJ ENM,035760.KS
이지홀딩스,035810.KS
기산텔레콤,035460.KS
화천기공,000850.KS
팜스코,036580.KS
케이티앤지,033780.KS
HD한국조선해양,009540.KS
디씨엠,024090.KS
바른손이앤에이,035620.KS
솔본,035610.KS
시공테크,020710.KS
신일제약,012790.KS
조아제약,034940.KS
AK홀딩스,006840.KS
HS애드,035000.KS
대한유화,006650.KS
백산,035150.KS
체시스,033250.KS
인성정보,033230.KS
그래디언트,035080.KS
동국산업,005160.KS
매일홀딩스,005990.KS
해성산업,034810.KS
자화전자,033240.KS
케이티,030200.KS
엑시큐어하이트론,019490.KS
제일기획,030000.KS
한국정보통신,025770.KS
파라텍,033540.KS
동성화인텍,033500.KS
스틱인베스트먼트,026890.KS
케이씨,029460.KS
드래곤플라이,030350.KS
엠케이전자,033160.KS
엠투엔,033310.KS
제이씨현시스템,033320.KS
포스코엠텍,009520.KS
스페코,013810.KS
좋은사람들,033340.KS
대원화성,024890.KS
로젠,033290.KS
모아텍,033200.KS
코콤,015710.KS
E1,017940.KS
SK가스,018670.KS
다우기술,023590.KS
영보화학,014440.KS
제룡전기,033100.KS
제이엠아이,033050.KS
디지틀조선,033130.KS
바이온,032980.KS
와이지-원,019210.KS
특수건설,026150.KS
아이즈비전,031310.KS
SKC,011790.KS
동일기연,032960.KS
소프트센,032680.KS
원익,032940.KS
원풍물산,008290.KS
한국주강,025890.KS
삼진,032750.KS
더라미,032860.KS
비트컴퓨터,032850.KS
엠젠솔루션,032790.KS
판타지오,032800.KS
디와이덕양,024900.KS
에쓰씨엔지니어링,023960.KS
인지컨트롤스,023800.KS
유비케어,032620.KS
피델릭스,032580.KS
TJ미디어,032540.KS
휴맥스홀딩스,028080.KS
삼일,032280.KS
경동인베스트,012320.KS
뉴인텍,012340.KS
아이티센씨티에스,031820.KS
에스제이엠홀딩스,025530.KS
오스템,031510.KS
디에이치엑스컴퍼니,031860.KS
피에스케이홀딩스,031980.KS
SK하이닉스,000660.KS
INVENI,015360.KS
MH에탄올,023150.KS
동남합성,023450.KS
삼성E&A,028050.KS
신도리코,029530.KS
온타이드,005320.KS
퍼시스,016800.KS
세보엠이씨,011560.KS
한일단조,024740.KS
WISCOM,024070.KS
동원수산,030720.KS
미래산업,025560.KS
다올투자증권,030210.KS
양지사,030960.KS
HDC,012630.KS
광전자,017900.KS
한국단자공업,025540.KS
원익홀딩스,030530.KS
한글과컴퓨터,030520.KS
메이슨캐피탈,021880.KS
광무,029480.KS
대호특수강,021040.KS
디아이,003160.KS
신성이엔지,011930.KS
티에이치엔,019180.KS
한온시스템,018880.KS
HLB,028300.KS
팜스토리,027710.KS
블루산업개발,006740.KS
세원정공,021820.KS
유니온,000910.KS
키다리스튜디오,020120.KS
한국제지,027970.KS
한섬,020000.KS
현대엘리베이터,017800.KS
환인제약,016580.KS
삼보판지,023600.KS
삼목에스폼,018310.KS
에이스침대,003800.KS
원익큐브,014190.KS
계룡건설산업,013580.KS
서원,021050.KS
에스원,012750.KS
태경산업,015890.KS
리드코프,012700.KS
유니슨,018000.KS
아난티,025980.KS
광진실업,026910.KS
인터엠,017250.KS
신대양제지,016590.KS
와이투솔루션,011690.KS
남해화학,025860.KS
동원금속,018500.KS
성안머티리얼스,011300.KS
성우하이텍,015750.KS
대신정보통신,020180.KS
서부T&D,006730.KS
HMM,011200.KS
경인양행,012610.KS
풀무원,017810.KS
서울도시가스,017390.KS
이구산업,025820.KS
동신건설,025950.KS
동화기업,025900.KS
에넥스,011090.KS
에이프로젠,007460.KS
차AI헬스케어,025620.KS
한국카본,017960.KS
신라에스지,025870.KS
케이씨피드,025880.KS
한탑,002680.KS
한국선재,025550.KS
DH오토웨어,025440.KS
시노펙스,025320.KS
PN풍년,024940.KS
삼천리자전거,024950.KS
메디앙스,014100.KS
KBI메탈,024840.KS
경창산업,024910.KS
대륙제관,004780.KS
동원개발,013120.KS
세원물산,024830.KS
케이피에프,024880.KS
KPX케미칼,025000.KS
TP,007980.KS
에스엠벡셀,010580.KS
KB오토시스,024120.KS
신원종합개발,017000.KS
흥구석유,024060.KS
대한약품,023910.KS
이화공영,001840.KS
풍국주정,023900.KS
대림제지,017650.KS
대한광통신,010170.KS
동일스틸럭스,023790.KS
플레이위드,023770.KS
한국캐피탈,023760.KS
한일사료,005860.KS
KC그린홀딩스,009440.KS
문배철강,008420.KS
웅진,016880.KS
모베이스전자,012860.KS
국영지앤엠,006050.KS
유진기업,023410.KS
제이스코홀딩스,023440.KS
보성파워텍,006910.KS
브이티,018290.KS
태광,023160.KS
HL D&I,014790.KS
오뚜기,007310.KS
일정실업,008500.KS
와이엠,007530.KS
엘에스일렉트릭,010120.KS
신라섬유,001000.KS
원일특강,012620.KS
서한,011370.KS
대양금속,009190.KS
이화산업,000760.KS
동원시스템즈,014820.KS
바른손,018700.KS
부방,014470.KS
삼성중공업,010140.KS
모토닉,009680.KS
화신,010690.KS
소노스퀘어,007720.KS
THE CUBE&,013720.KS
유니크,011320.KS
진로발효,018120.KS
삼보산업,009620.KS
푸드웰,005670.KS
푸른저축은행,007330.KS
피제이전자,006140.KS
베뉴지,019010.KS
엠에스씨,009780.KS
삼화페인트공업,000390.KS
경동나비엔,009450.KS
대동금속,020400.KS
대원산업,005710.KS
큐캐피탈,016600.KS
한국가구,004590.KS
디모아,016670.KS
중앙에너비스,000440.KS
DB,012030.KS
SGC에너지,005090.KS
삼륭물산,014970.KS
대림바스,005750.KS
경동제약,011040.KS
원풍,008370.KS
네이처셀,007390.KS
삼일기업공사,002290.KS
일지테크,019540.KS
한일화학,007770.KS
한국알콜,017890.KS
대주산업,003310.KS
글로본,019660.KS
대한해운,005880.KS
세명전기,017510.KS
휴니드테크놀러지스,005870.KS
수산세보틱스,017550.KS
에이티넘인베스트,021080.KS
롯데케미칼,011170.KS
대동기어,008830.KS
세아베스틸지주,001430.KS
호텔신라,008770.KS
태경비케이,014580.KS
화승코퍼레이션,013520.KS
신흥,004080.KS
화승인더스트리,006060.KS
극동유화,014530.KS
고려산업,002140.KS
피에스텍,002230.KS
대현,016090.KS
케이비아이동국실업,001620.KS
광명전기,017040.KS
부산산업,011390.KS
STX,011810.KS
고려아연,010130.KS
이렘,009730.KS
팜젠사이언스,004720.KS
무림페이퍼,009200.KS
현대차증권,001500.KS
금비,008870.KS
대동전자,008110.KS
원림,005820.KS
서흥,008490.KS
성문전자,014910.KS
HLB글로벌,003580.KS
일진홀딩스,015860.KS
대영포장,014160.KS
영화금속,012280.KS
신풍제약,019170.KS
동성제약,002210.KS
카스,016920.KS
아센디오,012170.KS
한올바이오파마,009420.KS
하이록코리아,013030.KS
유니켐,011330.KS
대창,012800.KS
일성건설,013360.KS
까뮤이앤씨,013700.KS
보락,002760.KS
선도전기,007610.KS
씨아이테크,004920.KS
광동제약,009290.KS
갤럭시아에스엠,011420.KS
남성,004270.KS
KISCO홀딩스,001940.KS
태영건설,009410.KS
한국특강,007280.KS
한솔로지스틱스,009180.KS
삼양통상,002170.KS
SK텔레콤,017670.KS
진양폴리우레탄,010640.KS
미창석유공업,003650.KS
삼익THK,004380.KS
미원상사,002840.KS
서연,007860.KS
SBI인베스트먼트,019550.KS
세우글로벌,013000.KS
현대모비스,012330.KS
KG케미칼,001390.KS
아진전자부품,009320.KS
현대해상,001450.KS
현대지에프홀딩스,005440.KS
한국전력공사,015760.KS
국도화학,007690.KS
녹십자,006280.KS
SIMPAC,009160.KS
윌비스,008600.KS
대창단조,015230.KS
사조산업,007160.KS
한익스프레스,014130.KS
사조동아원,008040.KS
경인전자,009140.KS
무림P&P,009580.KS
인디에프,014990.KS
디와이,013570.KS
방림,003610.KS
DKME,015590.KS
한솔케미칼,014680.KS
퍼스텍,010820.KS
플루토스,019570.KS
동원산업,006040.KS
대덕,008060.KS
한성기업,003680.KS
모헨즈,006920.KS
이스타코,015020.KS
태림포장,011280.KS
아세아제지,002310.KS
화천기계,010660.KS
CJ씨푸드,011150.KS
SHD,001770.KS
조일알미늄,018470.KS
에스엘,005850.KS
영원무역홀딩스,009970.KS
더존비즈온,012510.KS
보령,003850.KS
이건산업,008250.KS
모나리자,012690.KS
대구백화점,006370.KS
우성,006980.KS
유성기업,002920.KS
한일철강,002220.KS
삼익악기,002450.KS
HS화성,002460.KS
DN오토모티브,007340.KS
보해양조,000890.KS
상상인증권,001290.KS
혜인,003010.KS
금강공업,014280.KS
플레이그램,009810.KS
율촌화학,008730.KS
신원,009270.KS
동방,004140.KS
한국쉘석유,002960.KS
부광약품,003000.KS
풍산홀딩스,005810.KS
부국증권,001270.KS
계양전기,012200.KS
한솔테크닉스,004710.KS
DB증권,016610.KS
한미사이언스,008930.KS
삼진제약,005500.KS
POSCO홀딩스,005490.KS
범양건영,002410.KS
파미셀,005690.KS
동국홀딩스,001230.KS
대원전선,006340.KS
이수화학,005950.KS
삼성증권,016360.KS
삼영무역,002810.KS
한양증권,001750.KS
금호석유화학,011780.KS
유안타증권,003470.KS
제일파마홀딩스,002620.KS
에이엔피,015260.KS
한창제지,009460.KS
넥센,005720.KS
삼성공조,006660.KS
세방전지,004490.KS
진원생명과학,011000.KS
참엔지니어링,009310.KS
한국무브넥스,010100.KS
코스모신소재,005070.KS
덕성,004830.KS
신영증권,001720.KS
유진증권,001200.KS
유화증권,003460.KS
한신기계공업,011700.KS
코스모화학,005420.KS
가온전선,000500.KS
S-Oil,010950.KS
한화에어로스페이스,012450.KS
삼화전자공업,011230.KS
현대제철,004020.KS
써니전자,004770.KS
현대비앤지스틸,004560.KS
사조오양,006090.KS
한화투자증권,003530.KS
삼화전기,009470.KS
SK증권,001510.KS
평화홀딩스,010770.KS
일신석재,007110.KS
KG스틸,016380.KS
아이에스동서,010780.KS
SH에너지화학,002360.KS
대한화섬,003830.KS
코리아써키트,007810.KS
신세계,004170.KS
OCI홀딩스,010060.KS
삼일제약,000520.KS
인스코비,006490.KS
일성아이에스,003120.KS
현대건설,000720.KS
TCC스틸,002710.KS
에이프로젠바이오로직스,003060.KS
F&F 홀딩스,007700.KS
아남전자,008700.KS
GS건설,006360.KS
삼아알미늄,006110.KS
한국전자홀딩스,006200.KS
삼성SDI,006400.KS
삼성전기,009150.KS
동부건설,005960.KS
케이씨티시,009070.KS
코오롱글로벌,003070.KS
빙그레,005180.KS
녹십자홀딩스,005250.KS
시알홀딩스,000480.KS
현대약품,004310.KS
남양유업,003920.KS
남선알미늄,008350.KS
한국화장품제조,003350.KS
현대코퍼레이션,011760.KS
LS,006260.KS
SK네트웍스,001740.KS
경농,002100.KS
티웨이홀딩스,004870.KS
동방아그로,007590.KS
송원산업,004430.KS
진흥기업,002780.KS
한국석유공업,004090.KS
천일고속,000650.KS
대원강업,000430.KS
만호제강,001080.KS
조광피혁,004700.KS
세방,004360.KS
KBI동양철관,008970.KS
대유에이텍,002880.KS
남광토건,001260.KS
삼영전자공업,005680.KS
신영와코루,005800.KS
오리엔트바이오,002630.KS
조비,001550.KS
한국공항,005430.KS
조광페인트,004910.KS
SB성보,003080.KS
삼천리,004690.KS
조흥,002600.KS
금양,001570.KS
사조대림,003960.KS
비비안,002070.KS
SNT다이내믹스,003570.KS
한신공영,004960.KS
농심,004370.KS
삼영,003720.KS
성신양회,004980.KS
신라교역,004970.KS
신풍,002870.KS
종근당홀딩스,001630.KS
크라운해태홀딩스,005740.KS
한독,002390.KS
SG글로벌,001380.KS
SK디스커버리,006120.KS
샘표,007540.KS
흥아해운,003280.KS
GS글로벌,001250.KS
금호건설,002990.KS
삼부토건,001470.KS
삼화콘덴서공업,001820.KS
페이퍼코리아,001020.KS
동양,001520.KS
한화,000880.KS
JW중외제약,001060.KS
영풍,000670.KS
PKC,001340.KS
성창기업지주,000180.KS
한창,005110.KS
삼화왕관,004450.KS
KR모터스,000040.KS
고려제강,002240.KS
태양금속공업,004100.KS
SUN&L,002820.KS
DRB동일,004840.KS
넥센타이어,002350.KS
SG세계물산,004060.KS
롯데정밀화학,004000.KS
동화약품,000020.KS
DL,000210.KS
LX인터내셔널,001120.KS
국제약품,002720.KS
태광산업,003240.KS
부산주공,005030.KS
CS홀딩스,000590.KS
DB하이텍,000990.KS
대림통상,006570.KS
유유제약,000220.KS
강남제비스코,000860.KS
대신증권,003540.KS
NH투자증권,005940.KS
미래에셋증권,006800.KS
신일전자,002700.KS
삼성제약,001360.KS
삼성화재해상보험,000810.KS
삼양식품,003230.KS
한화손해보험,000370.KS
NI스틸,008260.KS
일동홀딩스,000230.KS
대동,000490.KS
오리온홀딩스,001800.KS
깨끗한나라,004540.KS
태원물산,001420.KS
코오롱,002020.KS
삼성전자,005930.KS
DH오토넥스,000300.KS
BYC,001460.KS
KG모빌리티,003620.KS
SPC삼립,005610.KS
흥국화재,000540.KS
일양약품,007570.KS
한진,002320.KS
한국수출포장공업,002200.KS
현대자동차,005380.KS
모나미,005360.KS
한화솔루션,009830.KS
아세아,002030.KS
카프로,006380.KS
롯데지주,004990.KS
대한방직,001070.KS
서울식품공업,004410.KS
LS네트웍스,000680.KS
금호전기,001210.KS
하이트진로홀딩스,000140.KS
노루홀딩스,000320.KS
기아,000270.KS
효성,004800.KS
CJ,001040.KS
두산,000150.KS
휴스틸,005010.KS
DB손해보험,005830.KS
TYM,002900.KS
대웅,003090.KS
진양산업,003780.KS
영진약품,003520.KS
케이씨씨,002380.KS
롯데칠성음료,005300.KS
일신방직,003200.KS
아모레퍼시픽홀딩스,002790.KS
제주은행,006220.KS
한솔홀딩스,004150.KS
벽산,007210.KS
롯데손해보험,000400.KS
대한제분,001130.KS
대상,001680.KS
LG,003550.KS
동아쏘시오홀딩스,000640.KS
코리안리,003690.KS
한국주철관공업,000970.KS
한일홀딩스,003300.KS
엔피씨,004250.KS
세아제강지주,003030.KS
대한전선,001440.KS
대한제당,001790.KS
삼양홀딩스,000070.KS
세기상사,002420.KS
한국앤컴퍼니,000240.KS
전방,000950.KS
대한항공,003490.KS
디아이동일,001530.KS
유한양행,000100.KS
CJ대한통운,000120.KS
경방,000050.KS
유수홀딩스,000700.KS
한진중공업홀딩스,003480.KS
